<?xml version="1.0" encoding="UTF-8" ?>
<JavaBean xmlns="http://xmlns.oracle.com/adfm/beanmodel" version="11.1.2.64.36" id="EJBServiceWSDC"
          Package="application" BeanClass="application.EJBServiceWSDC" isJavaBased="false">
  <AccessorAttribute id="mergeDepartments_parameters" IsCollection="false"
                     BeanClass="EJBServiceWSDC.Types.mergeDepartments"/>
  <AccessorAttribute id="syncDataFromOfflineToOnline_parameters" IsCollection="false"
                     BeanClass="EJBServiceWSDC.Types.syncDataFromOfflineToOnline"/>
  <AccessorAttribute id="removeDepartments_parameters" IsCollection="false"
                     BeanClass="EJBServiceWSDC.Types.removeDepartments"/>
  <AccessorAttribute id="persistDepartments_parameters" IsCollection="false"
                     BeanClass="EJBServiceWSDC.Types.persistDepartments"/>
  <MethodAccessor IsCollection="false" Type="application.EJBServiceWSDC.mergeDepartments"
                  BeanClass="application.EJBServiceWSDC.mergeDepartments" id="mergeDepartments" ReturnNodeName="Return">
    <ParameterInfo id="arg0" Type="java.lang.Object" isStructured="false">
      <Properties>
        <Property Name="__SET_INITIAL_VALUE" Value="true"/>
      </Properties>
    </ParameterInfo>
  </MethodAccessor>
  <MethodAccessor IsCollection="true" Type="application.EJBServiceWSDC.getDepartmentsFindAll"
                  BeanClass="application.EJBServiceWSDC.getDepartmentsFindAll" id="getDepartmentsFindAll"
                  ReturnNodeName="Return"
                  CollectionBeanClass="application.EJBServiceWSDC.getDepartmentsFindAll_Operations"/>
  <MethodAccessor IsCollection="false" Type="java.lang.Boolean" id="syncDataFromOfflineToOnline"
                  ReturnNodeName="Return">
    <ParameterInfo id="arg0" Type="java.lang.Object" isStructured="false">
      <Properties>
        <Property Name="__SET_INITIAL_VALUE" Value="true"/>
      </Properties>
    </ParameterInfo>
  </MethodAccessor>
  <MethodAccessor id="removeDepartments">
    <ParameterInfo id="arg0" Type="java.lang.Object" isStructured="false">
      <Properties>
        <Property Name="__SET_INITIAL_VALUE" Value="true"/>
      </Properties>
    </ParameterInfo>
  </MethodAccessor>
  <MethodAccessor IsCollection="false" Type="java.lang.Object" id="queryByRange" ReturnNodeName="Return">
    <ParameterInfo id="arg0" Type="java.lang.String" isStructured="false"/>
    <ParameterInfo id="arg1" Type="java.lang.Integer" isStructured="false"/>
    <ParameterInfo id="arg2" Type="java.lang.Integer" isStructured="false"/>
  </MethodAccessor>
  <MethodAccessor IsCollection="false" Type="application.EJBServiceWSDC.persistDepartments"
                  BeanClass="application.EJBServiceWSDC.persistDepartments" id="persistDepartments"
                  ReturnNodeName="Return">
    <ParameterInfo id="arg0" Type="java.lang.Object" isStructured="false">
      <Properties>
        <Property Name="__SET_INITIAL_VALUE" Value="true"/>
      </Properties>
    </ParameterInfo>
  </MethodAccessor>
</JavaBean>
