<?xml version="1.0" encoding="windows-1252" ?>
<adfc-mobile-config xmlns="http://xmlns.oracle.com/adf/controller" version="1.0">
  <task-flow-definition id="DepartmentsTF">
    <default-activity>deptList</default-activity>
    <managed-bean id="__10">
      <managed-bean-name>DepartmentsBean</managed-bean-name>
      <managed-bean-class>mobile.DepartmentsBean</managed-bean-class>
      <managed-bean-scope>application</managed-bean-scope>
    </managed-bean>
    <view id="deptList">
      <page>/deptList.amx</page>
    </view>
    <view id="deptDetail">
      <page>/deptDetail.amx</page>
    </view>
    <view id="deptEdit">
      <page>/deptEdit.amx</page>
    </view>
    <control-flow-rule id="__1">
      <from-activity-id>deptList</from-activity-id>
      <control-flow-case id="__2">
        <from-outcome>detail</from-outcome>
        <to-activity-id>deptDetail</to-activity-id>
      </control-flow-case>
      <control-flow-case id="__8">
        <from-outcome>add</from-outcome>
        <to-activity-id>deptEdit</to-activity-id>
      </control-flow-case>
    </control-flow-rule>
    <control-flow-rule id="__3">
      <from-activity-id>deptDetail</from-activity-id>
      <control-flow-case id="__4">
        <from-outcome>edit</from-outcome>
        <to-activity-id>deptEdit</to-activity-id>
      </control-flow-case>
      <control-flow-case id="__7">
        <from-outcome>list</from-outcome>
        <to-activity-id>deptList</to-activity-id>
      </control-flow-case>
    </control-flow-rule>
    <control-flow-rule id="__5">
      <from-activity-id>deptEdit</from-activity-id>
      <control-flow-case id="__6">
        <from-outcome>detail</from-outcome>
        <to-activity-id>deptDetail</to-activity-id>
      </control-flow-case>
      <control-flow-case id="__9">
        <from-outcome>list</from-outcome>
        <to-activity-id>deptList</to-activity-id>
      </control-flow-case>
    </control-flow-rule>
  </task-flow-definition>
</adfc-mobile-config>
