<?xml version="1.0" encoding="UTF-8" ?>
<adfmf:features xmlns:xsi="http://www.w3.org/2001/XMLSchema-instance" xmlns:adfmf="http://xmlns.oracle.com/adf/mf">
    <adfmf:feature id="DataInitialization" name="DataInitialization">
        <adfmf:content id="DataInitialization.1">
            <adfmf:amx file="DataInitialization/dataInitialization.amx">
                <adfmf:includes>
                    <adfmf:include type="JavaScript" file="DataInitialization/dataInitialization.js" id="i1"/>
                </adfmf:includes>
            </adfmf:amx>
        </adfmf:content>
    </adfmf:feature>
    <adfmf:feature id="Departments" name="Departments">
        <adfmf:content id="Departments.1">
            <adfmf:amx file="Departments/DepartmentsTF.xml#DepartmentsTF">
                <adfmf:includes>
                    <adfmf:include type="JavaScript" file="Departments/departments.js" id="i2"/>
                </adfmf:includes>
            </adfmf:amx>
        </adfmf:content>
    </adfmf:feature>
</adfmf:features>
