<?xml version = '1.0' encoding = 'windows-1252'?>
<jdbc-data-source xmlns:xsi="http://www.w3.org/2001/XMLSchema-instance"
                  xsi:schemaLocation="http://www.bea.com/ns/weblogic/jdbc-data-source http://www.bea.com/ns/weblogic/jdbc-data-source/1.0/jdbc-data-source.xsd"
                  xmlns="http://www.bea.com/ns/weblogic/jdbc-data-source">
    <name>Mobiledemo</name>
    <jdbc-driver-params>
        <url>jdbc:oracle:thin:@adc4110070.us.oracle.com:1521:orcl</url>
        <driver-name>oracle.jdbc.OracleDriver</driver-name>
        <properties>
            <property>
                <name>user</name>
                <value>mobiledemo</value>
            </property>
        </properties>
        <password-encrypted>CF723956620044FC2C2264940B3180BB16C3593C7C9D3CAAE2A5E32A5B4A5579</password-encrypted>
        <use-password-indirection>
            true
        </use-password-indirection>
    </jdbc-driver-params>
    <jdbc-connection-pool-params>
        <test-table-name>SQL SELECT 1 FROM DUAL</test-table-name>
    </jdbc-connection-pool-params>
    <jdbc-data-source-params>
        <jndi-name>jdbc/MobiledemoDS</jndi-name>
        <scope>Application</scope>
    </jdbc-data-source-params>
</jdbc-data-source>
