<?xml version="1.0" encoding="UTF-8" ?>
<JavaBean xmlns="http://xmlns.oracle.com/adfm/beanmodel" version="11.1.2.64.36" id="Return"
          Package="application.EJBServiceWSDC.persistDepartments"
          BeanClass="application.EJBServiceWSDC.persistDepartments.Return" isJavaBased="false">
  <Attribute Name="departmentId" IsUpdateable="0" IsNotNull="false" Type="java.math.BigDecimal">
    <Properties>
      <CustomProperties>
        <Property Name="PrimaryKey" Value="false"/>
      </CustomProperties>
    </Properties>
  </Attribute>
  <Attribute Name="departmentName" IsUpdateable="0" IsNotNull="false" Type="java.lang.String">
    <Properties>
      <CustomProperties>
        <Property Name="PrimaryKey" Value="false"/>
      </CustomProperties>
    </Properties>
  </Attribute>
  <Attribute Name="locationName" IsUpdateable="0" IsNotNull="false" Type="java.lang.String">
    <Properties>
      <CustomProperties>
        <Property Name="PrimaryKey" Value="false"/>
      </CustomProperties>
    </Properties>
  </Attribute>
  <Attribute Name="status" IsUpdateable="0" IsNotNull="false" Type="java.lang.String">
    <Properties>
      <CustomProperties>
        <Property Name="PrimaryKey" Value="false"/>
      </CustomProperties>
    </Properties>
  </Attribute>
</JavaBean>
