<?xml version = '1.0' encoding = 'UTF-8'?>
<References xmlns="http://xmlns.oracle.com/adf/jndi">
   <Reference name="EJBServiceWSDC" className="oracle.adf.model.connection.webservice.impl.WebServiceConnectionImpl" xmlns="">
      <Factory className="oracle.adf.model.connection.webservice.api.WebServiceConnectionFactory"/>
      <RefAddresses>
         <XmlRefAddr addrType="WebServiceConnection">
            <Contents>
               <wsconnection description="http://10.0.2.2:7101/EJBSyncWebServiceApp/SessionFacadeBeanService?wsdl" service="{http://service.soap.dsid.com/}SessionFacadeBeanService">
                  <model name="{http://service.soap.dsid.com/}SessionFacadeBeanService" xmlns="http://oracle.com/ws/model">
                     <service name="{http://service.soap.dsid.com/}SessionFacadeBeanService">
                        <port name="SessionFacadeBeanPort" binding="{http://service.soap.dsid.com/}SessionFacadeBeanPortBinding">
                           <soap addressUrl="http://10.0.2.2:7101/EJBSyncWebServiceApp/SessionFacadeBeanService" xmlns="http://schemas.xmlsoap.org/wsdl/soap/"/>
                           <operation name="removeDepartments">
                              <soap soapAction="" xmlns="http://schemas.xmlsoap.org/wsdl/soap/"/>
                              <output name=""/>
                              <input name=""/>
                           </operation>
                           <operation name="getDepartmentsFindAll">
                              <soap soapAction="" xmlns="http://schemas.xmlsoap.org/wsdl/soap/"/>
                              <output name=""/>
                              <input name=""/>
                           </operation>
                           <operation name="queryByRange">
                              <soap soapAction="" xmlns="http://schemas.xmlsoap.org/wsdl/soap/"/>
                              <output name=""/>
                              <input name=""/>
                           </operation>
                           <operation name="mergeDepartments">
                              <soap soapAction="" xmlns="http://schemas.xmlsoap.org/wsdl/soap/"/>
                              <output name=""/>
                              <input name=""/>
                           </operation>
                           <operation name="syncDataFromOfflineToOnline">
                              <soap soapAction="" xmlns="http://schemas.xmlsoap.org/wsdl/soap/"/>
                              <output name=""/>
                              <input name=""/>
                           </operation>
                           <operation name="persistDepartments">
                              <soap soapAction="" xmlns="http://schemas.xmlsoap.org/wsdl/soap/"/>
                              <output name=""/>
                              <input name=""/>
                           </operation>
                        </port>
                     </service>
                  </model>
               </wsconnection>
            </Contents>
         </XmlRefAddr>
      </RefAddresses>
   </Reference>
</References>