<?xml version="1.0" encoding="UTF-8" ?>
<pageDefinition xmlns="http://xmlns.oracle.com/adfm/uimodel" version="11.1.2.64.36" id="deptEditPageDef"
                Package="mobile.pageDefs">
  <parameters/>
  <executables>
    <variableIterator id="variables"/>
    <iterator Binds="root" RangeSize="25" DataControl="DepartmentsDC" id="DepartmentsDCIterator"/>
    <accessorIterator MasterBinding="DepartmentsDCIterator" Binds="editDepartments" RangeSize="25"
                      DataControl="DepartmentsDC" BeanClass="com.dsid.model.entities.Departments"
                      id="editDepartmentsIterator"/>
  </executables>
  <bindings>
    <attributeValues IterBinding="editDepartmentsIterator" id="key">
      <AttrNames>
        <Item Value="key"/>
      </AttrNames>
    </attributeValues>
    <attributeValues IterBinding="editDepartmentsIterator" id="departmentId">
      <AttrNames>
        <Item Value="departmentId"/>
      </AttrNames>
    </attributeValues>
    <attributeValues IterBinding="editDepartmentsIterator" id="departmentName">
      <AttrNames>
        <Item Value="departmentName"/>
      </AttrNames>
    </attributeValues>
    <attributeValues IterBinding="editDepartmentsIterator" id="locationName">
      <AttrNames>
        <Item Value="locationName"/>
      </AttrNames>
    </attributeValues>
    <attributeValues IterBinding="editDepartmentsIterator" id="status">
      <AttrNames>
        <Item Value="status"/>
      </AttrNames>
    </attributeValues>
    <methodAction id="saveDepartment" RequiresUpdateModel="true" Action="invokeMethod" MethodName="saveDepartment"
                  IsViewObjectMethod="false" DataControl="DepartmentsDC"
                  InstanceName="data.DepartmentsDC.dataProvider"/>
  </bindings>
</pageDefinition>
