<?xml version="1.0" encoding="UTF-8" ?>
<pageDefinition xmlns="http://xmlns.oracle.com/adfm/uimodel" version="11.1.2.64.36" id="deptListPageDef"
                Package="mobile.pageDefs">
  <parameters/>
  <executables>
    <variableIterator id="variables"/>
    <iterator Binds="root" RangeSize="25" DataControl="DepartmentsDC" id="DepartmentsDCIterator"/>
    <accessorIterator MasterBinding="DepartmentsDCIterator" Binds="departmentsFindAll" RangeSize="25"
                      DataControl="DepartmentsDC" BeanClass="com.dsid.model.entities.Departments"
                      id="departmentsFindAllIterator" Refresh="always"/>
  </executables>
  <bindings>
    <tree IterBinding="departmentsFindAllIterator" id="departmentsFindAll">
      <nodeDefinition DefName="com.dsid.model.entities.Departments" Name="departmentsFindAll0">
        <AttrNames>
          <Item Value="departmentName"/>
          <Item Value="departmentId"/>
          <Item Value="key"/>
          <Item Value="locationName"/>
          <Item Value="status"/>
        </AttrNames>
      </nodeDefinition>
    </tree>
    <methodAction id="AddDepartment" RequiresUpdateModel="true" Action="invokeMethod" MethodName="AddDepartment"
                  IsViewObjectMethod="false" DataControl="DepartmentsDC"
                  InstanceName="data.DepartmentsDC.dataProvider"/>
  </bindings>
</pageDefinition>
