<?xml version="1.0" encoding="UTF-8" ?>
<pageDefinition xmlns="http://xmlns.oracle.com/adfm/uimodel" version="11.1.2.64.36" id="deptDetailPageDef"
                Package="mobile.pageDefs">
  <parameters/>
  <executables>
    <variableIterator id="variables"/>
    <iterator Binds="root" RangeSize="25" DataControl="DepartmentsDC" id="DepartmentsDCIterator"/>
    <accessorIterator MasterBinding="DepartmentsDCIterator" Binds="departmentsFindAll" RangeSize="25"
                      DataControl="DepartmentsDC" BeanClass="com.dsid.model.entities.Departments"
                      id="departmentsFindAllIterator"/>
    <invokeAction id="setCurrentDepartment" Binds="setCurrentRowWithKeyValue" Refresh="always"/>
  </executables>
  <bindings>
    <attributeValues IterBinding="departmentsFindAllIterator" id="key">
      <AttrNames>
        <Item Value="key"/>
      </AttrNames>
    </attributeValues>
    <attributeValues IterBinding="departmentsFindAllIterator" id="departmentId">
      <AttrNames>
        <Item Value="departmentId"/>
      </AttrNames>
    </attributeValues>
    <attributeValues IterBinding="departmentsFindAllIterator" id="departmentName">
      <AttrNames>
        <Item Value="departmentName"/>
      </AttrNames>
    </attributeValues>
    <attributeValues IterBinding="departmentsFindAllIterator" id="locationName">
      <AttrNames>
        <Item Value="locationName"/>
      </AttrNames>
    </attributeValues>
    <attributeValues IterBinding="departmentsFindAllIterator" id="status">
      <AttrNames>
        <Item Value="status"/>
      </AttrNames>
    </attributeValues>
    <action IterBinding="departmentsFindAllIterator" id="setCurrentRowWithKeyValue"
            InstanceName="com.dsid.model.dc.DepartmentsDC.departmentsFindAll" DataControl="DepartmentsDC"
            RequiresUpdateModel="false" Action="setCurrentRowWithKeyValue">
      <NamedData NDName="rowKey" NDValue="#{pageFlowScope.deptKey}" NDType="java.lang.String"/>
    </action>
    <methodAction id="EditDepartment" RequiresUpdateModel="true" Action="invokeMethod" MethodName="EditDepartment"
                  IsViewObjectMethod="false" DataControl="DepartmentsDC" InstanceName="data.DepartmentsDC.dataProvider">
      <NamedData NDName="departmentId" NDValue="#{bindings.departmentId.inputValue}" NDType="int"/>
      <NamedData NDName="departmentName" NDValue="#{bindings.departmentName.inputValue}" NDType="java.lang.String"/>
      <NamedData NDName="locationName" NDValue="#{bindings.locationName.inputValue}" NDType="java.lang.String"/>
    </methodAction>
  </bindings>
</pageDefinition>
